{"_runtime":25.531412571,"System/Peak GPU Memory (MB)":9420.408203125,"_timestamp":1.765555718453206e+09,"_step":0,"_wandb":{"runtime":25}}