{"_wandb":{"runtime":11},"System/Peak GPU Memory (MB)":173.0160675048828,"_timestamp":1.7668725280826764e+09,"_step":0,"_runtime":11.832806549}