{"_runtime":10.891790321,"System/Peak GPU Memory (MB)":9420.408203125,"_timestamp":1.765834982335465e+09,"_step":0,"_wandb":{"runtime":10}}