{"_step":0,"System/Peak GPU Memory (MB)":9418.310546875,"_timestamp":1.7658354682692883e+09,"_wandb":{"runtime":11},"_runtime":11.391166203}