{"System/Peak GPU Memory (MB)":10242.4912109375,"_timestamp":1.7658358363954506e+09,"_wandb":{"runtime":22},"_runtime":22.533776827,"_step":0}