{"_step":0,"System/Peak GPU Memory (MB)":9418.310546875,"_timestamp":1.7655552134247024e+09,"_wandb":{"runtime":29},"_runtime":29.371984244}