{"_timestamp":1.7655550187487566e+09,"_wandb":{"runtime":34},"_runtime":34.969432393,"_step":0,"System/Peak GPU Memory (MB)":9420.408203125}