{"_wandb":{"runtime":15},"_runtime":15.051273232,"_timestamp":1.7655768143512514e+09,"_step":0,"System/Peak GPU Memory (MB)":9418.310546875}