{"_timestamp":1.7655559368180523e+09,"_runtime":28.806333582,"_wandb":{"runtime":28},"_step":0,"System/Peak GPU Memory (MB)":9420.408203125}