{"_step":0,"System/Peak GPU Memory (MB)":9420.408203125,"_wandb":{"runtime":15},"_runtime":15.634525353,"_timestamp":1.766319234416787e+09}